<?xml version="1.0" encoding="UTF-8"?>
<project-private xmlns="http://www.netbeans.org/ns/project-private/1">
    <editor-bookmarks xmlns="http://www.netbeans.org/ns/editor-bookmarks/2" lastBookmarkId="0"/>
    <open-files xmlns="http://www.netbeans.org/ns/projectui-open-files/2">
        <group>
            <file>file:/C:/Users/Win8.1/Documents/NetBeansProjects/dbmsproject/src/dbmsproject/MenuController.java</file>
            <file>file:/C:/Users/Win8.1/Documents/NetBeansProjects/dbmsproject/src/dbmsproject/AddStudentsController.java</file>
            <file>file:/C:/Users/Win8.1/Documents/NetBeansProjects/dbmsproject/src/dbmsproject/Developers.fxml</file>
            <file>file:/C:/Users/Win8.1/Documents/NetBeansProjects/dbmsproject/src/dbmsproject/AdminDashboardController.java</file>
            <file>file:/C:/Users/Win8.1/Documents/NetBeansProjects/dbmsproject/src/dbmsproject/MembersDetails.java</file>
            <file>file:/C:/Users/Win8.1/Documents/NetBeansProjects/dbmsproject/src/dbmsproject/RoomsDetails.java</file>
            <file>file:/C:/Users/Win8.1/Documents/NetBeansProjects/dbmsproject/src/dbmsproject/Members.fxml</file>
            <file>file:/C:/Users/Win8.1/Documents/NetBeansProjects/dbmsproject/src/dbmsproject/VacateRoomController.java</file>
            <file>file:/C:/Users/Win8.1/Documents/NetBeansProjects/dbmsproject/src/dbmsproject/searchstudentDetail.java</file>
            <file>file:/C:/Users/Win8.1/Documents/NetBeansProjects/dbmsproject/src/dbmsproject/HostelManagement.fxml</file>
            <file>file:/C:/Users/Win8.1/Documents/NetBeansProjects/dbmsproject/src/dbmsproject/MessManagement.fxml</file>
            <file>file:/C:/Users/Win8.1/Documents/NetBeansProjects/dbmsproject/src/dbmsproject/searchworkerDetail.java</file>
            <file>file:/C:/Users/Win8.1/Documents/NetBeansProjects/dbmsproject/src/dbmsproject/DeleteDinnerController.java</file>
            <file>file:/C:/Users/Win8.1/Documents/NetBeansProjects/dbmsproject/src/dbmsproject/RemovemembersController.java</file>
            <file>file:/C:/Users/Win8.1/Documents/NetBeansProjects/dbmsproject/src/dbmsproject/DevelopersController.java</file>
            <file>file:/C:/Users/Win8.1/Documents/NetBeansProjects/dbmsproject/src/dbmsproject/GenerateBill.fxml</file>
            <file>file:/C:/Users/Win8.1/Documents/NetBeansProjects/dbmsproject/src/dbmsproject/FXMLController.java</file>
            <file>file:/C:/Users/Win8.1/Documents/NetBeansProjects/dbmsproject/src/dbmsproject/FillRoom.fxml</file>
            <file>file:/C:/Users/Win8.1/Documents/NetBeansProjects/dbmsproject/src/dbmsproject/ListOfWorkersController.java</file>
            <file>file:/C:/Users/Win8.1/Documents/NetBeansProjects/dbmsproject/src/dbmsproject/AddStudentsDetail.java</file>
            <file>file:/C:/Users/Win8.1/Documents/NetBeansProjects/dbmsproject/src/dbmsproject/VacateRoom.fxml</file>
            <file>file:/C:/Users/Win8.1/Documents/NetBeansProjects/dbmsproject/src/dbmsproject/AddStudents.fxml</file>
            <file>file:/C:/Users/Win8.1/Documents/NetBeansProjects/dbmsproject/src/dbmsproject/Search.fxml</file>
            <file>file:/C:/Users/Win8.1/Documents/NetBeansProjects/dbmsproject/src/dbmsproject/UpdateLunchController.java</file>
            <file>file:/C:/Users/Win8.1/Documents/NetBeansProjects/dbmsproject/src/dbmsproject/Menu.fxml</file>
            <file>file:/C:/Users/Win8.1/Documents/NetBeansProjects/dbmsproject/src/dbmsproject/OptionController.java</file>
            <file>file:/C:/Users/Win8.1/Documents/NetBeansProjects/dbmsproject/src/dbmsproject/Information.fxml</file>
            <file>file:/C:/Users/Win8.1/Documents/NetBeansProjects/dbmsproject/src/dbmsproject/SearchController.java</file>
            <file>file:/C:/Users/Win8.1/Documents/NetBeansProjects/dbmsproject/src/dbmsproject/GenerateBillController.java</file>
            <file>file:/C:/Users/Win8.1/Documents/NetBeansProjects/dbmsproject/src/dbmsproject/MembersController.java</file>
            <file>file:/C:/Users/Win8.1/Documents/NetBeansProjects/dbmsproject/src/dbmsproject/RoomsInfoController.java</file>
            <file>file:/C:/Users/Win8.1/Documents/NetBeansProjects/dbmsproject/src/dbmsproject/AddMembersController.java</file>
            <file>file:/C:/Users/Win8.1/Documents/NetBeansProjects/dbmsproject/src/dbmsproject/UpdateBreakFastController.java</file>
            <file>file:/C:/Users/Win8.1/Documents/NetBeansProjects/dbmsproject/src/dbmsproject/DeleteLunch.fxml</file>
            <file>file:/C:/Users/Win8.1/Documents/NetBeansProjects/dbmsproject/src/dbmsproject/ListOfInmatesDetails.java</file>
            <file>file:/C:/Users/Win8.1/Documents/NetBeansProjects/dbmsproject/src/dbmsproject/MakeBill.fxml</file>
            <file>file:/C:/Users/Win8.1/Documents/NetBeansProjects/dbmsproject/src/dbmsproject/AddWorkerController.java</file>
            <file>file:/C:/Users/Win8.1/Documents/NetBeansProjects/dbmsproject/src/dbmsproject/StudentDashboard.fxml</file>
            <file>file:/C:/Users/Win8.1/Documents/NetBeansProjects/dbmsproject/src/dbmsproject/MessManagementController.java</file>
            <file>file:/C:/Users/Win8.1/Documents/NetBeansProjects/dbmsproject/src/dbmsproject/HostelManagementController.java</file>
            <file>file:/C:/Users/Win8.1/Documents/NetBeansProjects/dbmsproject/src/dbmsproject/AdminsigninController.java</file>
            <file>file:/C:/Users/Win8.1/Documents/NetBeansProjects/dbmsproject/src/dbmsproject/Main.java</file>
            <file>file:/C:/Users/Win8.1/Documents/NetBeansProjects/dbmsproject/src/dbmsproject/DeleteLunchController.java</file>
            <file>file:/C:/Users/Win8.1/Documents/NetBeansProjects/dbmsproject/src/dbmsproject/SigninController.java</file>
            <file>file:/C:/Users/Win8.1/Documents/NetBeansProjects/dbmsproject/src/dbmsproject/ListOfInmatesController.java</file>
            <file>file:/C:/Users/Win8.1/Documents/NetBeansProjects/dbmsproject/src/dbmsproject/StudentDashboardController.java</file>
            <file>file:/C:/Users/Win8.1/Documents/NetBeansProjects/dbmsproject/src/dbmsproject/ListOfInmates.fxml</file>
            <file>file:/C:/Users/Win8.1/Documents/NetBeansProjects/dbmsproject/src/dbmsproject/ListOfWorkersDetails.java</file>
            <file>file:/C:/Users/Win8.1/Documents/NetBeansProjects/dbmsproject/src/dbmsproject/BreakFastController.java</file>
            <file>file:/C:/Users/Win8.1/Documents/NetBeansProjects/dbmsproject/src/dbmsproject/searchroomDetail.java</file>
            <file>file:/C:/Users/Win8.1/Documents/NetBeansProjects/dbmsproject/src/dbmsproject/WelcomeController.java</file>
            <file>file:/C:/Users/Win8.1/Documents/NetBeansProjects/dbmsproject/src/dbmsproject/DeleteBreakFastController.java</file>
            <file>file:/C:/Users/Win8.1/Documents/NetBeansProjects/dbmsproject/src/dbmsproject/Dinner.java</file>
            <file>file:/C:/Users/Win8.1/Documents/NetBeansProjects/dbmsproject/src/dbmsproject/FXML.fxml</file>
            <file>file:/C:/Users/Win8.1/Documents/NetBeansProjects/dbmsproject/src/dbmsproject/UpdateDinnerController.java</file>
            <file>file:/C:/Users/Win8.1/Documents/NetBeansProjects/dbmsproject/src/dbmsproject/InformationController.java</file>
            <file>file:/C:/Users/Win8.1/Documents/NetBeansProjects/dbmsproject/src/dbmsproject/FillRoomController.java</file>
            <file>file:/C:/Users/Win8.1/Documents/NetBeansProjects/dbmsproject/src/dbmsproject/RegisterController.java</file>
            <file>file:/C:/Users/Win8.1/Documents/NetBeansProjects/dbmsproject/src/dbmsproject/Register.fxml</file>
            <file>file:/C:/Users/Win8.1/Documents/NetBeansProjects/dbmsproject/src/dbmsproject/LunchController.java</file>
            <file>file:/C:/Users/Win8.1/Documents/NetBeansProjects/dbmsproject/src/dbmsproject/AddMembers.fxml</file>
            <file>file:/C:/Users/Win8.1/Documents/NetBeansProjects/dbmsproject/src/dbmsproject/Lunch.java</file>
            <file>file:/C:/Users/Win8.1/Documents/NetBeansProjects/dbmsproject/src/dbmsproject/BreakDetails.java</file>
            <file>file:/C:/Users/Win8.1/Documents/NetBeansProjects/dbmsproject/src/dbmsproject/MakeBillController.java</file>
            <file>file:/C:/Users/Win8.1/Documents/NetBeansProjects/dbmsproject/src/dbmsproject/option.fxml</file>
        </group>
    </open-files>
</project-private>
